Day,Exp_date
7,02-Jan-20
7,09-Jan-20
7,16-Jan-20
7,23-Jan-20
7,30-Jan-20
7,06-Feb-20
7,13-Feb-20
7,20-Feb-20
7,27-Feb-20
7,05-Mar-20
7,12-Mar-20
7,19-Mar-20
7,26-Mar-20
6,01-Apr-20
7,09-Apr-20
7,16-Apr-20
7,23-Apr-20
7,30-Apr-20
7,07-May-20
7,14-May-20
7,21-May-20
7,28-May-20
7,04-Jun-20
7,11-Jun-20
7,18-Jun-20
7,25-Jun-20
7,02-Jul-20
7,09-Jul-20
7,16-Jul-20
7,23-Jul-20
7,30-Jul-20
7,06-Aug-20
7,13-Aug-20
7,20-Aug-20
7,27-Aug-20
7,03-Sep-20
7,10-Sep-20
7,17-Sep-20
7,24-Sep-20
7,01-Oct-20
7,08-Oct-20
7,15-Oct-20
7,22-Oct-20
7,29-Oct-20
7,05-Nov-20
7,12-Nov-20
7,19-Nov-20
7,26-Nov-20
7,03-Dec-20
7,10-Dec-20
7,17-Dec-20
7,24-Dec-20
7,31-Dec-20
7,07-Jan-21
7,14-Jan-21
7,21-Jan-21
7,28-Jan-21
7,04-Feb-21
7,11-Feb-21
7,18-Feb-21
7,25-Feb-21
7,04-Mar-21
6,10-Mar-21
7,18-Mar-21
7,25-Mar-21
7,01-Apr-21
7,08-Apr-21
7,15-Apr-21
7,22-Apr-21
7,29-Apr-21
7,06-May-21
6,12-May-21
7,20-May-21
7,27-May-21
7,03-Jun-21
7,10-Jun-21
7,17-Jun-21
7,24-Jun-21
7,01-Jul-21
7,08-Jul-21
7,15-Jul-21
7,22-Jul-21
7,29-Jul-21
7,05-Aug-21
7,12-Aug-21
6,18-Aug-21
7,26-Aug-21
7,02-Sep-21
7,09-Sep-21
7,16-Sep-21
7,23-Sep-21
7,30-Sep-21
7,07-Oct-21
7,14-Oct-21
7,21-Oct-21
7,28-Oct-21
7,03-Nov-21
7,11-Nov-21
7,18-Nov-21
7,25-Nov-21
7,02-Dec-21
7,09-Dec-21
7,16-Dec-21
7,23-Dec-21
7,30-Dec-21
7,06-Jan-22
7,13-Jan-22
7,20-Jan-22
7,27-Jan-22
7,03-Feb-22
7,10-Feb-22
7,17-Feb-22
7,24-Feb-22
7,03-Mar-22
7,10-Mar-22
7,17-Mar-22
7,24-Mar-22
7,31-Mar-22
7,07-Apr-22
6,13-Apr-22
7,21-Apr-22
7,28-Apr-22
7,05-May-22
7,12-May-22
7,19-May-22
7,26-May-22
7,02-Jun-22
7,09-Jun-22
7,16-Jun-22
7,23-Jun-22
7,30-Jun-22
7,07-Jul-22
7,14-Jul-22
7,21-Jul-22
7,28-Jul-22
7,04-Aug-22
7,11-Aug-22
7,18-Aug-22
7,25-Aug-22
7,01-Sep-22
7,08-Sep-22
7,15-Sep-22
7,22-Sep-22
7,29-Sep-22
7,06-Oct-22
7,13-Oct-22
7,20-Oct-22
7,27-Oct-22
7,03-Nov-22
7,10-Nov-22
7,17-Nov-22
7,24-Nov-22
7,01-Dec-22
